{
  "EqRupture": {
    "Type": "PointSource",
    "Magnitude": 7.05,
    "Location": {
      "Latitude": 37.9,
      "Longitude": -122.3,
      "Depth": 0.0
    },
    "AverageRake": 0.0,
    "AverageDip": 90.0
  },
  "Periods": [
    0.05,
    0.1,
    0.15,
    0.2,
    0.25,
    0.3,
    0.4,
    0.5,
    0.6,
    0.7,
    0.8,
    0.9,
    1.0,
    1.25,
    1.5,
    2.0,
    2.5,
    3.0,
    4.0,
    5.0
  ],
  "GroundMotions": [
    {
      "Location": {
        "Latitude": 37.8719,
        "Longitude": -122.2585
      },
      "SiteData": [
        {
          "Type": "Vs30",
          "Value": 733.4,
          "Source": "CGS/Wills VS30 Map (2015)"
        },
        {
          "Type": "Zhao et al 2006 Site Type",
          "Value": " Rock",
          "Source": "Mapped from Vs30"
        }
      ],
      "SA": {
        "Mean": [
          1.4247486242449878,
          1.4286973543094992,
          1.4768159878398053,
          1.2377810596230145,
          1.1247262169526133,
          1.272810491823526,
          1.3490096695626357,
          1.353499311125431,
          1.2800816236288548,
          1.2209277119514703,
          1.0417644499976968,
          0.8220544681888639,
          0.6271165582804276,
          0.33175736374272297,
          -0.13052377123449024,
          -0.8947160886961903,
          -1.3489862840631042,
          -1.4581106133179182,
          -2.2962622269364634,
          -3.0036561911461237
        ],
        "TotalStdDev": [
          0.7432065728988139,
          0.810851996359385,
          0.7942083416837171,
          0.7638225513821911,
          0.742946357417546,
          0.7273377207322607,
          0.7151455865766075,
          0.7073846195670359,
          0.7122094425097156,
          0.7132198539020068,
          0.712475887311283,
          0.713636637232142,
          0.716550765821934,
          0.7158638208486304,
          0.7214014139159973,
          0.7335505163245405,
          0.7314153129378683,
          0.7211784869226203,
          0.7052029778723287,
          0.7079502878027524
        ],
        "InterEvStdDev": [
          0.6399,
          0.6936,
          0.7017,
          0.6917,
          0.6823,
          0.6696,
          0.6589,
          0.653,
          0.6527,
          0.6516,
          0.6467,
          0.6525,
          0.657,
          0.6601,
          0.664,
          0.6694,
          0.6706,
          0.6671,
          0.6468,
          0.6431
        ],
        "IntraEvStdDev": [
          0.378,
          0.42,
          0.372,
          0.324,
          0.294,
          0.284,
          0.278,
          0.272,
          0.285,
          0.29,
          0.299,
          0.289,
          0.286,
          0.277,
          0.282,
          0.3,
          0.292,
          0.274,
          0.281,
          0.296
        ]
      },
      "PGA": {
        "Mean": 1.0399427787883195,
        "TotalStdDev": 0.6839124286047155,
        "InterEvStdDev": 0.6039,
        "IntraEvStdDev": 0.321
      }
    }
  ]
}