{
  "EqRupture": {
    "Type": "ERF",
    "Magnitude": 0.0,
    "AverageRake": 0.0,
    "AverageDip": 0.0,
    "RuptureForecast": "WGCEP (2007) UCERF2 - Single Branch"
  },
  "Periods": [
    0.01,
    0.02,
    0.03,
    0.05,
    0.075,
    0.1,
    0.15,
    0.2,
    0.25,
    0.3,
    0.4,
    0.5,
    0.75,
    1.0,
    1.5,
    2.0,
    3.0,
    4.0,
    5.0,
    7.5,
    10.0
  ],
  "GroundMotions": [
    {
      "Location": {
        "Latitude": 37.8719,
        "Longitude": -122.2585
      },
      "lnSA": {
        "UHS": [
          -2.8791656706978035,
          -2.866554234289985,
          -2.7609632543508966,
          -2.5957036704098813,
          -2.4178155800572814,
          -2.2804545107238945,
          -2.179542186744418,
          -2.2152599155084918,
          -2.170413147553558,
          -2.147990146274118,
          -2.26720825814112,
          -2.337597907055891,
          -2.5338931743620763,
          -2.844981770742815,
          -3.287207969566044,
          -3.610724610972743,
          -4.158357533845765,
          -4.478121514902866,
          -4.834614814091211,
          -5.439434272180439,
          -6.057778988746613
        ]
      }
    }
  ]
}